UNIVERSITY_ID,LAST_RANK_mean,LAST_RANK_min,LAST_RANK_max,LAST_RANK_std,FIRST_RANK_mean,FIRST_RANK_min,FIRST_RANK_max,FIRST_RANK_std,LAST_SCORE_mean,LAST_SCORE_min,LAST_SCORE_max,LAST_SCORE_std,FIRST_SCORE_mean,FIRST_SCORE_min,FIRST_SCORE_max,FIRST_SCORE_std,SUM_CAPACITY_sum,SUM_CAPACITY_mean,SUM_ENROLLMENT_sum,SUM_ENROLLMENT_mean,FIELD_RATE_mean,DEPARTMENT_ID_count,LAST_RANK_CHANGE_mean,FIRST_RANK_CHANGE_mean,LAST_SCORE_CHANGE_mean,FIRST_SCORE_CHANGE_mean,CAPACITY_CHANGE_mean,ENROLLMENT_CHANGE_mean,RANK_RANGE,SCORE_RANGE,RANK_VOLATILITY,SCORE_VOLATILITY,ENROLLMENT_EFFICIENCY,DEPARTMENT_COUNT
1001,365467.35,8093,1643810,284190.29,181054.78,1226,1643810,187556.39,301.89,185.41,501.07,65.68,349.7,185.41,538.99,66.04,21403,59.95,20604,57.71,0.96,357,0.06,0.5,0.02,0.02,-0.0,0.41,184412.56999999998,47.81,235873.34,65.86000000000001,0.96,357
1002,311335.77,8261,1293393,294540.34,109052.74,1170,545129,109169.3,302.09,191.14,492.0,70.91,369.14,227.65,511.83,64.19,10769,53.31,9705,48.04,0.85,202,0.04,0.78,-0.01,-0.01,0.03,0.31,202283.03000000003,67.05000000000001,201854.82,67.55,0.9,202
1003,397626.51,7397,1138156,285235.95,201910.83,988,942784,168078.66,294.82,199.93,503.64,64.25,340.99,213.35,526.92,64.85,30175,62.35,28737,59.37,0.94,484,0.03,0.23,0.03,0.02,0.02,1.16,195715.68000000002,46.170000000000016,226657.305,64.55,0.95,484
1004,422948.57,8678,1381199,308701.09,194346.56,1139,1317389,177971.5,279.68,189.61,430.64,54.39,333.9,217.98,478.64,58.14,20183,53.82,17432,46.49,0.83,375,0.06,0.43,-0.0,-0.0,0.01,1.08,228602.01,54.21999999999997,243336.295,56.265,0.86,375
1005,430705.51,18908,1383482,370269.35,144649.46,2293,796305,148354.41,285.49,172.24,492.36,67.54,350.97,224.53,516.18,60.87,9884,52.3,9262,49.01,0.91,189,0.14,0.78,0.01,0.02,0.03,0.65,286056.05000000005,65.48000000000002,259311.88,64.205,0.94,189
1006,477802.58,18500,1344590,343384.37,216729.59,1589,733738,158845.75,280.59,196.55,493.47,60.06,332.55,225.22,509.84,60.57,11603,52.5,10749,48.64,0.89,221,0.09,0.24,0.02,0.02,0.03,1.3,261072.99000000002,51.960000000000036,251115.06,60.315,0.93,221
1007,243807.16,5004,1297653,187905.81,115367.4,303,1297653,131616.29,320.62,197.84,519.29,60.45,374.0,205.62,544.66,60.88,39480,64.2,39034,63.47,0.98,615,0.01,0.2,0.03,0.02,-0.0,0.17,128439.76000000001,53.379999999999995,159761.05,60.665000000000006,0.99,615
1008,411565.93,9932,1194177,330540.26,166911.23,960,950478,155710.81,292.71,199.29,494.73,65.08,349.8,232.27,512.06,61.31,12651,55.98,11656,51.58,0.91,226,0.08,1.07,0.02,0.02,0.01,0.46,244654.69999999998,57.09000000000003,243125.535,63.195,0.92,226
1009,326205.1,14945,1122863,268606.25,144255.43,1808,559771,131904.29,307.99,199.23,501.23,63.33,356.2,231.21,518.77,60.91,8699,54.71,8296,52.18,0.94,159,0.09,0.26,0.01,0.02,0.03,0.31,181949.66999999998,48.20999999999998,200255.27000000002,62.12,0.95,159
1010,378846.48,3626,1379119,357359.96,74843.61,150,1372166,121165.22,309.43,186.34,470.17,71.06,393.31,213.99,527.63,54.08,123285,357.35,110965,321.64,0.95,345,0.04,1.2,0.03,0.01,0.01,0.31,304002.87,83.88,239262.59000000003,62.57,0.9,345
1011,170826.83,2165,1303766,181153.97,65329.59,5,998122,89443.77,342.15,192.72,535.75,73.91,405.81,212.48,557.37,65.23,51114,68.06,49954,66.52,0.98,751,-0.03,0.35,0.04,0.02,0.01,0.15,105497.23999999999,63.660000000000025,135298.87,69.57,0.98,751
1012,751496.06,41399,1663560,443457.77,349343.86,1635,1142864,281658.02,238.56,156.52,320.22,37.12,302.88,221.66,450.04,49.84,4206,45.23,3601,38.72,0.84,93,0.32,1.33,-0.01,0.02,0.02,2.44,402152.20000000007,64.32,362557.895,43.480000000000004,0.86,93
1013,494792.1,27077,1391320,384360.1,224136.19,6501,867730,191862.07,277.83,204.08,404.34,52.85,327.17,224.07,434.16,47.73,7973,51.11,7286,46.71,0.9,156,0.13,0.54,0.02,0.02,0.02,1.0,270655.91,49.34000000000003,288111.08499999996,50.29,0.91,156
1014,434254.05,6788,1723628,348665.98,142224.39,408,935864,139553.62,284.12,159.71,499.69,65.93,357.27,208.43,537.46,61.31,99273,141.01,81792,116.18,0.91,704,0.06,0.36,0.02,0.02,0.07,0.76,292029.66,73.14999999999998,244109.8,63.620000000000005,0.82,704
1015,306100.23,12304,1145125,237338.3,151834.75,67,700456,136096.97,309.62,197.43,500.08,59.72,356.77,215.47,519.59,60.08,20939,59.32,20189,57.19,0.95,353,0.03,1.1,0.02,0.01,-0.0,0.23,154265.47999999998,47.14999999999998,186717.635,59.9,0.96,353
1016,474223.94,11204,1487423,325982.17,215621.58,1752,903331,163430.67,278.27,167.71,425.18,54.1,329.98,199.44,480.03,53.91,11117,49.41,10200,45.33,0.9,225,0.07,0.36,0.03,0.02,0.01,1.0,258602.36000000002,51.710000000000036,244706.41999999998,54.004999999999995,0.92,225
1017,539441.07,37778,1439864,371417.1,133949.71,1523,660738,125296.48,265.87,185.04,466.99,49.67,355.74,253.99,472.04,51.12,5380,48.91,4783,43.48,0.83,110,0.09,0.81,0.02,0.02,0.03,0.49,405491.36,89.87,248356.78999999998,50.394999999999996,0.89,110
1018,528125.93,20487,1486798,409416.8,216176.53,6285,804509,193799.85,277.65,168.27,403.31,60.22,332.04,238.9,451.27,52.09,7855,56.51,7275,52.34,0.9,139,0.15,0.48,0.01,0.02,-0.01,1.24,311949.4,54.39000000000004,301608.325,56.155,0.93,139
1019,507942.48,19126,1312325,298468.62,246708.13,3682,969550,179286.71,270.06,192.26,490.24,49.34,321.18,212.53,496.45,52.1,10809,54.87,9859,50.05,0.89,197,0.08,0.98,0.02,0.03,0.02,1.09,261234.34999999998,51.120000000000005,238877.66499999998,50.72,0.91,197
1020,570959.98,29633,1532692,376958.84,195411.0,3082,850404,161053.43,260.16,189.63,474.95,51.92,335.22,229.55,481.65,55.11,10597,49.99,9338,44.05,0.85,212,0.15,0.36,0.01,0.02,0.02,1.53,375548.98,75.06,269006.135,53.515,0.88,212
1021,614065.88,41682,1425540,397011.95,164438.86,2716,792699,153123.79,255.53,189.71,349.69,39.4,346.18,227.04,449.15,51.23,5364,49.67,4747,43.95,0.85,108,0.13,1.46,0.0,0.02,0.03,0.59,449627.02,90.65,275067.87,45.315,0.88,108
1022,21659.38,259,206566,35585.53,13578.92,1,206566,31724.09,467.5,339.81,547.16,45.86,503.6,339.81,559.99,48.91,12918,59.53,12932,59.59,1.0,217,0.01,2.2,0.01,0.01,-0.02,-0.02,8080.460000000001,36.10000000000002,33654.81,47.385,1.0,217
1023,485847.91,19168,1323746,372242.72,212602.06,4423,867073,180380.57,283.04,191.36,492.07,65.13,334.51,210.61,505.77,60.78,14530,57.89,13157,52.42,0.88,251,0.12,0.47,0.01,0.02,0.01,1.47,273245.85,51.46999999999997,276311.645,62.955,0.91,251
1024,236220.67,13282,535678,126386.21,128784.72,3880,365578,77427.75,321.46,201.96,466.37,58.39,370.33,235.72,513.27,57.91,8844,56.69,8709,55.83,0.97,156,-0.03,0.06,0.04,0.03,0.02,0.12,107435.95000000001,48.870000000000005,101906.98000000001,58.15,0.98,156
1025,388115.9,10875,1611940,281635.6,203670.84,4766,1611940,179818.72,297.02,196.87,506.38,60.97,342.04,196.87,522.28,60.02,29264,65.76,27655,62.15,0.94,445,0.03,0.16,0.03,0.03,0.02,0.92,184445.06000000003,45.02000000000004,230727.15999999997,60.495000000000005,0.95,445
1026,449972.59,9983,1721479,363118.46,180031.2,427,1023430,173686.75,284.99,165.07,496.68,65.04,348.48,224.12,538.42,63.62,28557,67.99,26655,63.46,0.9,420,0.09,0.28,0.02,0.02,0.03,0.87,269941.39,63.49000000000001,268402.605,64.33,0.93,420
1027,359542.45,6924,1132054,238138.39,194730.84,1471,739567,153074.03,296.62,198.31,506.02,62.57,339.53,209.31,527.25,62.69,30032,57.1,28687,54.54,0.95,526,0.01,0.19,0.03,0.02,-0.01,0.61,164811.61000000002,42.90999999999997,195606.21000000002,62.629999999999995,0.96,526
1028,573945.68,32296,1532179,367306.03,275239.37,1029,1059072,203955.01,263.83,191.09,476.8,50.51,316.1,205.98,488.14,55.29,12181,52.28,11210,48.11,0.89,233,0.13,1.56,0.01,0.02,0.05,1.25,298706.31000000006,52.27000000000004,285630.52,52.9,0.92,233
1029,280025.67,8796,1266870,209347.76,129185.87,430,1266870,137579.89,315.07,193.92,513.41,67.5,373.42,193.92,544.96,66.99,29510,66.92,28571,64.79,0.94,441,0.04,0.4,0.03,0.02,0.05,0.18,150839.8,58.35000000000002,173463.825,67.245,0.97,441
1030,324615.4,13664,1333061,259187.37,97765.92,253,1117083,109003.38,306.32,197.49,498.48,69.1,381.74,199.73,535.55,60.19,23178,74.05,22355,71.42,0.95,313,0.07,0.51,0.02,0.02,0.05,0.16,226849.48000000004,75.42000000000002,184095.375,64.645,0.96,313
1031,222219.06,4392,1264453,209871.02,111864.14,985,1264453,147762.54,334.83,199.95,521.58,64.71,381.46,217.02,535.48,61.86,43721,73.48,43184,72.58,0.97,595,0.03,0.38,0.02,0.02,-0.01,0.03,110354.92,46.629999999999995,178816.78,63.285,0.99,595
1032,479947.15,21659,1400168,360747.41,223579.58,749,1234232,198285.32,281.16,189.2,416.72,55.69,333.02,205.69,463.14,56.44,19821,64.35,18321,59.48,0.91,308,0.07,0.33,0.03,0.02,0.01,0.98,256367.57000000004,51.85999999999996,279516.365,56.065,0.92,308
1033,412653.99,10500,1263727,286032.02,193002.27,1914,668029,143345.76,289.14,190.31,497.56,61.62,338.27,221.02,521.23,60.17,19711,56.8,18520,53.37,0.92,347,0.04,0.53,0.03,0.03,0.02,0.91,219651.72,49.129999999999995,214688.89,60.894999999999996,0.94,347
1034,200608.05,3230,1043677,182376.34,98760.15,147,1043677,135417.69,340.11,202.59,526.53,69.01,394.27,217.35,550.09,67.19,32682,71.99,32451,71.48,0.99,454,-0.0,0.29,0.02,0.01,-0.02,0.04,101847.9,54.15999999999997,158897.015,68.1,0.99,454
1035,310415.33,10635,1736918,247552.2,123365.85,310,1736918,132250.35,305.47,155.31,507.2,66.36,369.48,186.3,542.93,63.15,37629,67.56,35867,64.39,0.93,557,0.05,0.99,0.02,0.02,-0.01,0.35,187049.48,64.00999999999999,189901.27500000002,64.755,0.95,557
1036,409195.06,19429,1391293,346620.77,156995.96,248,854774,148638.71,300.41,190.78,491.77,72.83,358.12,215.49,506.01,65.99,13476,67.04,12608,62.73,0.9,201,0.1,0.46,0.01,0.02,0.0,0.65,252199.1,57.70999999999998,247629.74,69.41,0.94,201
1037,436702.76,36840,1333486,311490.72,258795.87,11355,918593,189449.35,280.56,203.43,410.77,47.11,320.68,235.29,457.9,52.4,4891,47.03,4314,41.48,0.85,104,0.06,0.25,0.02,0.01,0.01,0.74,177906.89,40.120000000000005,250470.03499999997,49.754999999999995,0.88,104
1038,213635.62,4956,720736,165813.42,117663.74,142,550992,108364.84,335.64,199.39,516.65,67.32,375.95,226.49,545.32,62.94,23111,69.4,22933,68.87,0.98,333,0.0,0.38,0.03,0.02,0.0,0.03,95971.87999999999,40.31,137089.13,65.13,0.99,333
1039,385848.55,17213,1433424,293437.33,141830.86,288,849922,118268.31,293.56,186.39,495.15,61.7,360.55,228.55,533.8,62.25,26722,65.66,25150,61.79,0.91,407,0.07,0.25,0.02,0.03,0.07,0.69,244017.69,66.99000000000001,205852.82,61.975,0.94,407
1040,12900.34,89,165570,29822.69,8252.62,2,165570,29303.23,466.93,334.72,532.58,43.36,494.46,334.72,557.61,43.0,2269,29.86,2268,29.84,1.0,76,0.01,0.41,0.01,0.01,0.02,0.02,4647.719999999999,27.529999999999973,29562.96,43.18,1.0,76
1041,138721.1,2575,986936,125587.58,80882.8,93,986936,94093.6,367.37,205.86,525.83,70.0,409.05,205.86,536.44,63.67,27130,63.09,27106,63.04,1.0,430,-0.02,0.09,0.03,0.02,0.01,0.01,57838.3,41.68000000000001,109840.59,66.83500000000001,1.0,430
1042,278505.93,4370,1122140,229865.24,99890.28,25,699096,104494.69,319.82,199.89,502.71,64.79,383.42,236.43,544.08,60.44,24207,72.04,23538,70.05,0.95,336,0.04,0.39,0.02,0.02,0.04,0.14,178615.65,63.60000000000002,167179.965,62.615,0.97,336
1043,452528.6,9873,1489979,340447.16,190231.73,847,616628,150502.64,284.0,164.93,493.0,64.91,339.74,201.18,525.71,64.75,17889,56.43,16352,51.58,0.87,317,0.09,0.43,0.02,0.02,0.02,1.05,262296.87,55.74000000000001,245474.9,64.83,0.91,317
1044,146356.18,9764,363073,98846.77,79694.87,4330,252883,57542.01,368.71,232.09,515.97,69.82,411.85,261.91,529.33,61.78,7202,63.18,7137,62.61,0.99,114,-0.07,-0.04,0.04,0.03,0.01,0.01,66661.31,43.14000000000004,78194.39,65.8,0.99,114
1045,484237.97,10104,1560825,377072.13,199009.59,543,888417,193874.07,286.54,174.91,493.54,66.56,344.4,206.93,510.63,63.92,13644,55.46,12660,51.46,0.9,246,0.09,1.01,0.01,0.02,0.02,0.59,285228.38,57.85999999999996,285473.1,65.24000000000001,0.93,246
1047,662260.48,37678,1549413,383124.29,292726.49,5437,933276,212093.11,248.54,167.9,374.11,41.07,306.97,223.3,440.33,48.08,11498,58.37,10138,51.46,0.86,197,0.2,0.32,0.01,0.03,0.01,1.68,369533.99,58.430000000000035,297608.69999999995,44.575,0.88,197
1048,104210.51,871,854398,110932.72,44975.22,2,854398,66597.37,385.6,223.25,542.32,69.38,434.8,226.37,559.53,59.55,36019,74.57,35972,74.48,1.0,483,0.0,0.21,0.02,0.01,-0.04,-0.04,59235.28999999999,49.19999999999999,88765.045,64.465,1.0,483
1049,457154.3,10748,1602060,510731.99,187634.12,1758,1166820,252849.48,294.08,174.87,426.08,66.87,345.98,213.66,463.65,55.03,3095,46.19,2953,44.07,0.9,67,0.11,0.23,0.01,0.02,0.03,0.6,269520.18,51.900000000000034,381790.735,60.95,0.95,67
1050,417045.62,18467,1306096,307336.26,161657.55,209,720750,144774.26,288.37,195.0,492.8,65.11,355.74,232.35,523.73,65.42,14633,58.77,13652,54.83,0.89,249,0.09,0.44,0.02,0.02,0.05,0.51,255388.07,67.37,226055.26,65.265,0.93,249
1051,605594.3,18853,1424298,353538.67,222856.57,1448,681286,160817.3,264.42,197.91,492.68,56.32,332.93,205.24,523.22,57.99,8020,55.69,7294,50.65,0.87,144,0.11,0.44,0.02,0.01,0.03,1.17,382737.73000000004,68.50999999999999,257177.985,57.155,0.91,144
1052,706300.57,44061,1498227,370182.63,296710.09,11260,921228,198518.38,246.38,165.5,337.13,35.22,309.09,214.66,419.28,43.62,7822,52.15,6930,46.2,0.86,150,0.15,0.33,0.01,0.02,0.07,1.23,409590.4799999999,62.70999999999998,284350.505,39.42,0.89,150
1053,377394.0,6569,1338576,311721.37,143897.69,537,777119,140015.74,302.89,193.07,503.57,71.32,363.62,216.91,536.13,65.19,25890,72.52,24430,68.43,0.91,357,0.11,0.35,0.01,0.01,0.04,0.59,233496.31,60.73000000000002,225868.555,68.255,0.94,357
1054,160394.36,6455,1263950,158323.24,92526.55,645,1263950,128250.79,354.23,221.7,515.99,58.58,387.78,221.7,527.84,54.93,15911,57.86,15901,57.82,1.0,275,0.01,0.25,0.02,0.01,0.02,0.02,67867.80999999998,33.549999999999955,143287.01499999998,56.754999999999995,1.0,275
1055,89943.48,1147,1200371,102485.73,50475.03,1,487861,63966.59,415.91,226.11,542.06,72.63,451.8,246.61,559.85,65.42,22074,46.67,21470,45.39,0.94,473,-0.01,0.13,0.04,0.04,-0.03,0.18,39468.45,35.889999999999986,83226.16,69.025,0.97,473
1056,205535.88,444,1277749,250134.83,46062.86,42,1273108,83761.06,346.34,187.16,534.19,77.15,420.86,193.4,549.53,58.35,85712,136.48,81800,130.25,0.98,628,0.01,1.43,0.03,0.01,0.01,0.04,159473.02000000002,74.52000000000004,166947.945,67.75,0.95,628
1057,239626.94,8405,988643,192040.54,121618.76,5084,553890,106079.38,335.08,199.17,512.28,70.45,375.49,249.11,521.47,63.04,17018,69.18,16754,68.11,0.98,246,0.03,0.16,0.02,0.02,0.0,0.01,118008.18000000001,40.410000000000025,149059.96000000002,66.745,0.98,246
1058,138594.69,8381,487782,94626.1,80323.25,2589,487782,86251.07,371.11,242.4,518.96,69.18,421.77,256.25,535.21,67.91,6238,51.13,6232,51.08,1.0,122,-0.07,0.01,0.04,0.02,-0.02,-0.02,58271.44,50.65999999999997,90438.585,68.545,1.0,122
1059,500792.21,11608,1601137,449853.22,197084.34,1263,865187,191661.7,278.91,145.9,491.35,69.25,340.43,236.66,517.05,61.62,12648,58.02,11604,53.23,0.87,218,0.15,0.38,0.02,0.02,0.04,1.0,303707.87,61.51999999999998,320757.45999999996,65.435,0.92,218
1060,443385.52,17335,1309223,304712.16,165216.04,834,564719,128441.58,284.15,201.58,494.89,61.95,349.98,228.1,521.48,60.88,17968,58.34,16850,54.71,0.9,308,0.09,0.4,0.02,0.02,0.06,0.81,278169.48,65.83000000000004,216576.87,61.415000000000006,0.94,308
1061,486937.3,17738,1475461,346405.96,199653.22,4427,987965,149417.29,277.73,174.78,494.74,58.67,335.07,230.48,507.69,55.47,19734,57.53,17958,52.36,0.88,343,0.12,0.31,0.02,0.03,0.01,0.73,287284.07999999996,57.339999999999975,247911.625,57.07,0.91,343
1062,310840.8,14234,1039021,228453.47,144852.2,761,614019,107215.83,310.29,192.97,501.07,67.21,365.08,235.73,539.8,63.17,22390,70.19,21309,66.8,0.93,319,0.02,0.19,0.03,0.02,-0.01,0.42,165988.59999999998,54.789999999999964,167834.65,65.19,0.95,319
1063,481756.39,10606,1396939,401596.17,174746.38,936,1022839,180590.47,283.17,191.24,499.44,68.97,348.25,232.37,515.25,62.36,11272,52.67,10412,48.65,0.9,214,0.14,0.45,0.02,0.03,0.03,1.18,307010.01,65.07999999999998,291093.32,65.66499999999999,0.92,214
1064,481356.18,14553,1462393,353503.3,194359.13,342,742535,153075.23,279.16,179.4,489.49,58.49,336.16,232.24,513.19,56.61,15317,55.9,14049,51.27,0.88,274,0.12,0.91,0.01,0.02,0.02,0.97,286997.05,57.0,253289.265,57.55,0.92,274
1065,176302.44,39283,539120,109844.69,58528.77,1239,494166,72029.81,342.45,247.67,471.55,58.77,416.6,266.0,513.58,48.02,4566,62.55,4510,61.78,0.99,73,0.06,1.46,-0.01,-0.01,0.03,0.03,117773.67000000001,74.15000000000003,90937.25,53.395,0.99,73
1066,348232.17,10282,1288914,284276.54,168536.42,773,700902,141772.28,297.41,156.74,499.76,64.94,347.94,219.24,515.44,62.43,23140,65.0,21874,61.44,0.92,356,0.08,0.28,0.03,0.03,0.01,0.91,179695.74999999997,50.52999999999997,213024.40999999997,63.685,0.95,356
1067,524192.35,17112,1458172,353465.91,265050.2,1116,1198538,206262.46,274.1,180.6,497.32,57.51,320.28,199.5,500.75,56.67,14565,56.02,13092,50.35,0.89,260,0.13,1.41,0.02,0.03,0.03,1.83,259142.14999999997,46.17999999999995,279864.185,57.09,0.9,260
1068,510168.99,11077,1461693,400364.56,200479.32,2476,1182296,196664.99,276.4,179.61,425.46,60.04,338.23,217.67,455.16,57.29,8221,58.72,7609,54.35,0.9,140,0.13,0.65,0.01,0.03,0.1,1.16,309689.67,61.83000000000004,298514.775,58.665,0.93,140
1069,256469.6,8637,1260157,203036.55,125152.87,233,1260157,130574.3,324.48,197.17,511.56,63.07,372.54,219.06,528.55,60.17,33448,71.62,32928,70.51,0.97,467,0.02,0.36,0.02,0.02,0.0,0.13,131316.73,48.06,166805.425,61.620000000000005,0.98,467
1070,297664.12,6775,1172867,255373.02,129090.35,64,813518,127266.38,311.53,200.94,503.95,61.36,367.0,219.03,543.17,62.99,31922,61.04,30457,58.24,0.93,523,0.05,0.38,0.03,0.03,-0.0,0.5,168573.77,55.47000000000003,191319.7,62.175,0.95,523
1071,486209.13,27909,1424544,383581.38,115917.97,2106,663508,124713.81,271.68,163.58,485.96,52.94,362.54,241.36,504.13,51.12,8605,49.17,7907,45.18,0.9,175,0.11,0.43,0.03,0.02,0.02,0.51,370291.16000000003,90.86000000000001,254147.595,52.03,0.92,175
1072,126217.72,2766,1560821,151006.75,66308.47,24,1560821,128468.47,368.03,195.39,525.55,62.96,414.68,195.39,548.33,59.27,43281,70.61,43185,70.45,1.0,613,0.01,0.28,0.02,0.01,0.01,0.01,59909.25,46.650000000000034,139737.61,61.115,1.0,613
1073,438143.87,10102,1295895,313955.31,221185.14,640,877979,170269.17,285.61,194.05,469.7,55.28,331.67,217.78,480.64,56.86,22000,57.44,20697,54.04,0.93,383,0.07,0.27,0.02,0.02,0.01,1.15,216958.72999999998,46.06,242112.24,56.07,0.94,383
1074,298593.86,6293,1221546,233097.63,119876.8,444,1221546,124147.22,310.75,199.46,507.04,64.57,371.84,210.38,536.06,62.28,21031,61.67,20338,59.64,0.95,341,0.03,0.31,0.03,0.02,0.0,0.22,178717.06,61.089999999999975,178622.425,63.425,0.97,341
1075,155436.26,4499,484536,114788.79,64281.45,38,243846,60282.18,349.42,236.13,453.41,52.55,405.2,283.53,502.73,50.76,5739,65.22,5736,65.18,1.0,88,-0.01,0.5,0.03,0.02,-0.03,-0.03,91154.81000000001,55.77999999999997,87535.485,51.655,1.0,88
1076,342868.99,7645,1151695,251048.38,167319.23,1938,1151695,149606.19,307.01,196.3,502.83,67.17,354.03,196.3,519.43,62.96,28781,59.71,27749,57.57,0.96,482,0.03,0.26,0.03,0.02,0.01,0.51,175549.75999999998,47.01999999999998,200327.285,65.065,0.96,482
1077,399696.41,6999,1281563,298222.59,162306.02,1029,1030778,154411.2,294.77,190.47,496.4,67.73,354.9,227.13,517.66,65.07,12114,49.04,11508,46.59,0.94,247,0.08,0.53,0.01,0.01,0.24,0.54,237390.38999999998,60.129999999999995,226316.89500000002,66.4,0.95,247
1078,574805.83,21321,1516883,433314.27,220137.85,1234,1020296,221329.74,269.93,188.52,405.52,61.48,335.66,208.72,458.91,59.89,8384,49.9,7486,44.56,0.87,168,0.13,0.72,0.02,0.02,0.02,1.11,354667.98,65.73000000000002,327322.005,60.685,0.89,168
1079,361527.64,14468,998655,216130.12,171394.96,2511,760683,122512.31,288.32,203.05,500.94,55.47,345.21,221.84,518.53,59.72,15350,55.62,14358,52.02,0.91,276,0.03,0.4,0.03,0.03,-0.01,0.4,190132.68000000002,56.889999999999986,169321.215,57.595,0.94,276
1080,423653.48,8294,1406571,353276.35,176969.05,208,848653,169192.54,290.8,190.04,469.79,62.26,346.41,222.0,500.26,59.57,15066,54.0,13994,50.16,0.92,279,0.07,0.43,0.02,0.02,0.01,0.83,246684.43,55.610000000000014,261234.445,60.915,0.93,279
1081,495254.29,18699,1511960,338968.37,199402.13,1634,1511960,172766.68,278.03,164.5,493.26,61.18,338.18,199.9,513.19,59.45,16496,55.54,14906,50.19,0.88,297,0.13,0.69,0.01,0.02,0.02,1.43,295852.16,60.150000000000034,255867.525,60.315,0.9,297
1082,264654.79,5465,1060699,198272.59,119466.97,261,556963,104161.13,317.34,204.46,513.11,64.87,372.11,232.18,543.16,63.96,27785,58.87,27196,57.62,0.96,472,0.03,0.27,0.02,0.02,-0.0,0.13,145187.81999999998,54.77000000000004,151216.86,64.415,0.98,472
1083,374549.63,17796,1169575,279933.5,147696.67,1696,712053,145134.84,297.93,198.63,495.5,67.11,356.76,237.99,518.14,61.59,11214,53.15,10648,50.46,0.93,211,0.04,0.52,0.02,0.03,0.01,0.48,226852.96,58.829999999999984,212534.16999999998,64.35,0.95,211
1084,119334.91,716,1514564,190762.68,56116.74,8,559063,89261.83,399.02,177.87,544.86,80.38,443.08,239.49,556.82,72.26,20313,44.74,20024,44.11,0.96,454,0.01,1.24,0.03,0.02,0.05,0.15,63218.170000000006,44.06,140012.255,76.32,0.99,454
1085,516240.93,34532,1354668,327985.6,199966.52,1819,750677,145503.07,269.65,194.09,354.42,40.67,331.94,216.32,457.31,48.2,10015,52.43,9202,48.18,0.87,191,0.11,0.45,0.02,0.03,0.11,1.1,316274.41000000003,62.29000000000002,236744.335,44.435,0.92,191
1086,351021.01,6716,1420152,267200.26,143889.92,772,1311555,140245.86,302.39,198.81,506.36,62.21,362.67,215.4,541.74,63.57,32419,62.71,30988,59.94,0.94,517,0.02,0.45,0.03,0.02,-0.0,0.33,207131.09,60.28000000000003,203723.06,62.89,0.96,517
1087,422811.04,18129,1308975,307911.63,160469.58,92,1027126,167713.68,288.87,191.46,494.14,63.61,364.21,218.5,524.83,73.18,13599,56.66,12567,52.36,0.89,240,0.21,1.76,0.02,0.03,0.02,0.7,262341.45999999996,75.33999999999997,237812.655,68.39500000000001,0.92,240
1088,261156.43,8395,1021216,204737.4,107934.89,1413,521382,100797.5,320.85,199.92,503.65,62.11,374.31,228.0,532.82,56.81,33717,75.77,33212,74.63,0.98,445,0.02,0.22,0.03,0.02,-0.01,0.07,153221.53999999998,53.45999999999998,152767.45,59.46,0.99,445
1089,344445.03,10148,1337977,260999.39,153737.26,452,821830,132205.96,292.99,191.1,508.44,57.7,352.09,219.23,546.73,59.91,44539,62.55,42774,60.08,0.94,712,0.05,0.55,0.02,0.02,0.01,0.54,190707.77000000002,59.099999999999966,196602.675,58.805,0.96,712
1090,483147.98,19518,1465209,376628.36,179881.98,145,927037,167321.95,281.64,178.53,491.68,63.62,346.84,228.73,509.69,61.89,9516,49.82,8669,45.39,0.87,191,0.19,0.32,0.02,0.02,0.02,1.02,303266.0,65.19999999999999,271975.155,62.754999999999995,0.91,191
1091,428782.12,17499,1438907,328273.15,193247.6,1719,829178,163039.44,284.84,201.13,408.32,54.96,333.86,212.19,448.81,52.83,9215,52.36,8590,48.81,0.92,176,0.08,0.47,0.01,0.02,0.01,0.97,235534.52,49.02000000000004,245656.295,53.894999999999996,0.93,176
1092,387409.14,13434,1124580,260102.46,166935.48,622,685001,138593.42,293.66,199.59,502.28,62.53,350.15,219.14,540.34,64.14,31396,73.36,29712,69.42,0.93,428,0.06,1.35,0.02,0.02,0.02,0.52,220473.66,56.48999999999995,199347.94,63.335,0.95,428
1093,697382.96,144236,1401757,358519.26,245929.02,7059,691506,178091.6,246.4,191.44,323.63,36.0,318.29,203.68,417.4,48.64,2261,41.11,1996,36.29,0.8,55,0.2,0.3,0.02,0.02,0.09,1.69,451453.93999999994,71.89000000000001,268305.43,42.32,0.88,55
1094,379397.31,10603,1182030,295080.59,180659.26,1437,800912,164372.25,293.09,154.96,505.34,66.75,347.0,214.46,523.14,64.99,24826,63.82,23533,60.5,0.93,389,0.06,0.29,0.02,0.02,0.0,1.17,198738.05,53.910000000000025,229726.42,65.87,0.95,389
1095,619181.07,39205,1587408,416587.58,233890.21,6700,965099,159948.51,258.34,187.98,352.74,45.66,319.1,214.04,410.72,38.48,5955,47.26,5157,40.93,0.83,126,0.13,0.38,0.02,0.02,0.03,1.44,385290.86,60.76000000000005,288268.04500000004,42.06999999999999,0.87,126
1096,79785.49,3353,746823,103122.91,35345.06,691,462885,56040.84,409.9,219.41,526.09,63.33,447.42,238.83,539.47,53.5,5243,29.96,5207,29.75,0.99,175,0.08,-0.03,0.03,0.03,0.11,0.15,44440.43000000001,37.52000000000004,79581.875,58.415,0.99,175
1097,239680.39,5075,938155,192397.7,107849.31,154,938155,116490.85,327.31,200.1,515.18,66.9,382.16,215.03,542.01,64.23,35342,78.36,34827,77.22,0.98,451,0.01,0.36,0.03,0.02,-0.02,0.03,131831.08000000002,54.85000000000002,154444.27500000002,65.565,0.99,451
1098,496413.18,9675,1487363,317162.28,211914.83,1117,1061447,173694.67,278.28,167.77,495.32,60.65,333.12,221.35,515.53,58.97,20107,56.96,18526,52.48,0.9,353,0.11,0.35,0.02,0.03,0.01,1.19,284498.35,54.84000000000003,245428.47500000003,59.81,0.92,353
1099,355644.48,15960,834481,197534.63,166183.86,3277,545515,123190.77,296.75,198.94,497.14,54.21,347.37,235.1,504.93,53.81,10317,61.78,9950,59.58,0.95,167,0.04,0.22,0.03,0.02,0.05,0.25,189460.62,50.620000000000005,160362.7,54.010000000000005,0.96,167
1100,172244.67,6412,609251,148601.9,92199.77,929,470718,88609.29,357.46,199.22,519.81,70.73,394.82,247.94,530.73,63.85,20552,74.46,20494,74.25,1.0,276,0.04,0.63,0.02,0.01,0.02,0.03,80044.90000000001,37.360000000000014,118605.595,67.29,1.0,276
1101,71093.81,5039,343115,59159.81,34974.2,354,168331,32552.44,406.89,255.92,527.29,55.84,444.19,294.72,538.55,47.16,25261,73.65,25244,73.6,1.0,343,-0.08,-0.0,0.03,0.02,-0.01,-0.01,36119.61,37.30000000000001,45856.125,51.5,1.0,343
1102,405175.01,4980,1245283,316155.12,154896.28,279,876780,143124.1,294.33,171.83,494.08,68.95,357.44,219.85,531.92,64.23,17011,50.93,15953,47.76,0.91,334,0.05,0.35,0.03,0.01,-0.0,0.38,250278.73,63.110000000000014,229639.61,66.59,0.94,334
1103,415446.26,11049,1354593,332834.85,187704.1,590,884319,164292.82,293.82,199.66,497.12,67.26,343.81,227.31,513.99,64.01,19065,62.1,17551,57.17,0.88,307,0.09,0.32,0.02,0.03,0.0,1.11,227742.16,49.99000000000001,248563.835,65.635,0.92,307
1104,293222.59,24639,789301,182973.06,155296.68,6838,553311,95347.56,302.51,206.17,433.82,53.27,351.58,249.53,467.45,56.61,6226,56.09,5528,49.8,0.83,111,0.01,0.08,-0.01,-0.01,0.06,0.06,137925.91000000003,49.06999999999999,139160.31,54.94,0.89,111
1105,254384.3,14150,790133,215143.96,129447.11,1531,509989,102577.12,326.36,203.7,498.32,67.25,369.41,247.71,515.25,59.24,10355,62.01,9939,59.51,0.94,167,0.01,0.19,0.02,0.01,-0.01,0.04,124937.18999999999,43.05000000000001,158860.53999999998,63.245000000000005,0.96,167
1106,415207.41,12760,1271825,229919.08,211132.82,5202,1271825,158838.66,291.63,198.15,504.91,58.22,337.02,213.71,526.8,59.49,12712,56.5,12114,53.84,0.95,225,-0.01,0.21,0.03,0.03,0.02,0.64,204074.58999999997,45.389999999999986,194378.87,58.855000000000004,0.95,225
1107,405224.11,55972,1126903,254778.08,215120.72,6903,593467,120295.35,277.92,205.49,364.51,38.69,327.31,234.81,449.12,45.33,7815,51.75,6803,45.05,0.82,151,0.05,0.12,0.03,0.02,0.08,0.82,190103.38999999998,49.389999999999986,187536.715,42.01,0.87,151
1109,362466.85,10317,1847536,502666.18,221563.33,218,1802000,387556.75,317.63,167.86,435.47,70.89,358.99,178.66,505.21,73.87,6271,36.67,5847,34.19,0.89,171,0.05,0.29,0.02,0.0,0.01,0.1,140903.52,41.360000000000014,445111.46499999997,72.38,0.93,171
1110,137001.03,5675,509376,128335.43,80484.37,427,509376,82246.47,388.77,200.87,519.93,84.23,419.62,261.71,538.78,71.09,17069,66.68,17049,66.6,1.0,256,0.07,0.27,0.01,0.0,0.01,0.01,56516.66,30.850000000000023,105290.95,77.66,1.0,256
1111,239162.69,8331,1108169,198491.12,137534.36,1624,1108169,134140.19,331.57,201.81,501.76,65.11,365.87,232.67,511.82,59.38,13064,63.42,12992,63.07,0.99,206,0.03,0.15,0.02,0.01,-0.01,0.03,101628.33000000002,34.30000000000001,166315.655,62.245000000000005,0.99,206
1112,343945.98,24953,1439193,279338.22,171152.98,13808,827997,165902.06,303.56,185.18,489.07,58.8,351.12,248.63,501.98,55.88,3636,66.11,3422,62.22,0.92,55,0.12,0.51,0.01,0.0,0.13,0.21,172792.99999999997,47.56,222620.13999999998,57.34,0.94,55
1113,214915.44,58868,638200,113750.31,121154.23,17931,356743,82043.93,326.07,233.42,449.28,54.0,381.52,245.54,501.12,59.57,5487,70.35,5040,64.62,0.86,78,-0.0,0.05,0.03,0.03,-0.02,0.71,93761.21,55.44999999999999,97897.12,56.785,0.92,78
1114,246529.75,16795,1427537,220517.84,145331.71,1003,1427537,190752.85,336.79,178.3,496.42,76.48,383.04,178.3,539.36,73.55,4639,73.63,4609,73.16,0.99,63,0.07,0.07,0.02,0.03,0.04,0.06,101198.04000000001,46.25,205635.345,75.015,0.99,63
1115,569466.97,18856,1441459,371903.45,277163.09,13707,905412,203895.67,275.16,191.8,495.14,61.98,323.98,217.25,503.23,57.6,5588,47.76,4989,42.64,0.87,117,0.1,0.21,0.02,0.01,0.09,1.89,292303.87999999995,48.81999999999999,287899.56,59.79,0.89,117
1116,148217.49,313,1210829,147201.07,77471.57,9,1210829,104691.09,364.39,189.71,545.12,75.7,411.98,189.71,555.58,63.18,17758,72.19,17516,71.2,0.97,246,0.04,0.25,0.02,0.01,-0.01,0.06,70745.91999999998,47.59000000000003,125946.08,69.44,0.99,246
1117,330191.45,6380,1473991,272252.99,150232.4,499,886564,149508.73,302.65,175.41,450.06,52.64,350.65,239.55,521.82,53.64,23079,65.19,22864,64.59,0.99,354,0.02,0.7,0.02,0.02,0.03,0.1,179959.05000000002,48.0,210880.86,53.14,0.99,354
1118,304231.75,46505,849836,188202.56,178029.15,5715,507021,103480.52,297.12,199.8,447.35,47.34,339.6,238.54,477.7,48.94,7531,44.3,7101,41.77,0.94,170,-0.01,0.09,0.03,0.02,0.04,0.31,126202.6,42.48000000000002,145841.54,48.14,0.94,170
1119,184005.77,53346,463816,153843.52,72383.92,18123,195487,56707.05,368.78,264.04,453.48,70.56,433.28,325.55,500.79,51.19,420,32.31,420,32.31,1.0,13,0.0,0.38,-0.02,-0.06,0.21,0.21,111621.84999999999,64.5,105275.285,60.875,1.0,13
1120,385137.59,115595,794301,208466.5,186556.46,58833,454677,87259.15,293.93,214.25,393.77,44.64,342.15,240.03,441.67,44.9,3448,46.59,3198,43.22,0.92,74,-0.05,0.06,0.05,0.03,0.08,0.34,198581.13000000003,48.21999999999997,147862.825,44.769999999999996,0.93,74
1121,237325.43,8903,864576,227857.89,71362.07,349,418903,93320.49,332.53,200.81,430.11,58.47,394.47,254.04,503.87,54.29,7650,66.52,7618,66.24,0.99,115,0.08,0.79,0.01,0.01,-0.02,-0.03,165963.36,61.940000000000055,160589.19,56.379999999999995,1.0,115
1122,409328.9,36375,1188085,344630.15,162284.1,605,675602,177526.71,292.58,216.36,352.92,44.67,357.26,238.9,518.2,58.59,1491,49.7,1444,48.13,0.95,30,0.09,2.17,0.04,0.0,0.0,0.53,247044.80000000002,64.68,261078.43,51.63,0.97,30
1123,576041.61,83949,1135193,242066.98,236934.34,17939,709293,146005.61,266.06,201.58,423.49,49.73,322.93,235.32,449.19,52.3,3350,54.92,3097,50.77,0.92,61,0.08,0.26,0.05,0.05,0.04,1.22,339107.27,56.870000000000005,194036.29499999998,51.015,0.92,61
1124,180365.46,1632,586783,135263.19,99040.1,157,578152,80623.94,355.39,203.88,539.35,75.0,398.71,254.08,544.9,65.48,8279,56.32,8121,55.24,0.98,147,0.03,0.13,0.03,0.02,-0.03,-0.02,81325.35999999999,43.31999999999999,107943.565,70.24000000000001,0.98,147
1125,442861.18,47067,1056506,242806.34,280811.5,27040,707203,147154.27,267.97,200.57,414.62,36.71,306.28,223.87,456.28,45.73,4522,34.52,4053,30.94,0.89,131,0.02,0.09,0.03,0.02,0.09,1.05,162049.68,38.309999999999945,194980.305,41.22,0.9,131
1126,263473.43,15914,1095942,261782.3,127335.31,2850,501362,115563.55,345.68,203.02,497.7,89.97,391.17,258.02,517.62,78.4,4984,97.73,4947,97.0,0.99,51,0.08,0.13,0.01,0.01,0.0,0.01,136138.12,45.49000000000001,188672.925,84.185,0.99,51
1127,316391.61,14727,823588,197311.5,144084.94,6438,463275,103891.07,310.53,200.96,503.56,61.29,360.53,258.64,512.83,58.59,6836,52.58,6655,51.19,0.97,130,-0.0,0.14,0.03,0.03,0.03,0.11,172306.66999999998,50.0,150601.285,59.94,0.97,130
1129,219592.84,9400,543381,154945.48,114743.61,4427,369815,90774.19,337.25,227.96,508.34,63.65,376.84,259.3,516.79,60.55,7978,71.23,7963,71.1,1.0,112,0.02,0.13,0.02,0.02,0.03,0.03,104849.23,39.589999999999975,122859.835,62.099999999999994,1.0,112
2001,248776.61,71,1715212,304215.64,100885.47,2,551830,98121.36,354.28,150.69,553.48,92.24,402.26,233.14,558.01,73.45,3753,21.57,3620,20.8,0.97,174,0.16,0.43,-0.01,-0.0,0.06,0.03,147891.13999999998,47.98000000000002,201168.5,82.845,0.96,174
2002,273495.82,6720,1056082,245714.73,142206.04,2704,797209,121221.16,327.3,191.86,522.63,75.29,367.65,226.62,526.35,64.76,10370,19.68,9364,17.77,0.93,527,0.02,0.03,0.02,0.03,0.24,0.38,131289.78,40.349999999999966,183467.945,70.025,0.9,527
2003,407988.9,31967,1542924,319545.17,248167.93,19275,921465,170377.58,280.96,160.6,422.03,50.82,313.72,215.69,429.74,46.06,2915,14.95,2263,11.61,0.85,195,0.11,0.14,0.01,0.01,0.11,0.32,159820.97000000003,32.76000000000005,244961.375,48.44,0.78,195
2005,229977.31,815,1744039,269878.87,86605.85,52,576546,107463.34,354.23,160.43,534.03,89.63,405.4,219.44,545.34,71.83,14819,20.75,14301,20.03,0.96,714,0.11,0.66,0.01,0.01,0.05,0.06,143371.46,51.16999999999996,188671.10499999998,80.72999999999999,0.97,714
2006,285336.56,2211,1824418,319667.86,158019.44,125,1252157,196100.65,336.78,172.69,526.92,81.98,372.03,210.13,536.73,73.62,15781,16.93,15155,16.26,0.96,932,0.16,0.26,0.01,0.01,0.16,0.23,127317.12,35.25,257884.255,77.80000000000001,0.96,932
2007,321458.91,497,1716147,320519.43,160053.97,63,888083,148866.04,308.06,171.2,501.16,73.4,355.26,226.46,528.73,69.02,12043,24.09,9819,19.64,0.89,500,2.36,12.86,0.03,0.03,0.39,0.91,161404.93999999997,47.19999999999999,234692.735,71.21000000000001,0.82,500
2008,413506.22,25788,1773388,400281.81,201111.4,1018,795994,170682.71,299.22,166.59,460.65,64.44,338.71,229.65,468.74,52.84,3752,17.53,3099,14.48,0.87,214,0.13,1.39,0.01,0.02,0.19,0.66,212394.81999999998,39.48999999999995,285482.26,58.64,0.83,214
2009,228412.75,3033,1679068,288519.96,128849.45,254,1142914,153702.78,361.31,191.52,525.49,92.49,397.37,230.14,538.86,82.34,3019,24.75,2843,23.3,0.95,122,0.14,8.56,0.01,0.01,0.16,0.1,99563.3,36.06,221111.37,87.41499999999999,0.94,122
2010,351454.79,18157,1693582,360853.69,160594.35,7714,819524,163454.14,302.88,172.61,409.24,58.99,346.57,236.07,454.9,50.2,3039,31.66,2779,28.95,0.9,96,0.13,0.16,0.01,0.02,0.11,0.5,190860.43999999997,43.69,262153.91500000004,54.595,0.91,96
2011,208247.57,6041,1056273,228074.81,103978.25,118,579727,104282.36,345.03,197.58,510.66,71.82,388.58,232.24,523.59,65.71,6167,24.38,5845,23.1,0.95,253,0.02,1.49,0.02,0.02,0.07,0.14,104269.32,43.55000000000001,166178.585,68.76499999999999,0.95,253
2012,349034.51,10731,1859415,379519.28,175040.94,1316,968873,162616.6,309.53,148.89,467.8,67.94,351.16,236.87,491.7,55.98,8642,24.28,7384,20.74,0.9,356,0.11,0.22,0.0,0.0,0.23,0.32,173993.57,41.63000000000005,271067.94,61.959999999999994,0.85,356
2014,267259.16,3354,1850830,345142.33,117861.7,319,1850830,183742.86,328.42,149.27,463.96,69.09,377.58,166.04,494.23,59.44,5564,24.3,5123,22.37,0.92,229,0.58,0.7,0.02,0.01,0.07,0.13,149397.45999999996,49.15999999999997,264442.595,64.265,0.92,229
2016,278634.87,4975,1683585,262107.53,156146.66,2,1335140,166159.18,314.73,161.01,452.0,54.44,357.4,213.7,550.74,58.98,6626,18.56,6388,17.89,0.96,357,0.03,145.69,0.02,0.02,0.16,0.18,122488.20999999999,42.66999999999996,214133.35499999998,56.709999999999994,0.96,357
2017,364260.27,23580,1647762,336083.87,220975.1,4409,1126245,192818.62,302.44,167.6,448.89,59.66,331.77,221.97,455.68,52.2,3727,16.0,3090,13.26,0.87,233,0.12,0.05,-0.0,0.02,0.23,0.59,143285.17,29.329999999999984,264451.245,55.93,0.83,233
2019,302811.73,7727,1625279,306692.91,149765.02,79,1122332,153042.45,318.54,158.74,501.95,73.84,361.14,213.95,544.67,61.7,10389,26.84,9782,25.28,0.95,387,0.05,0.68,0.02,0.02,0.13,0.15,153046.71,42.599999999999966,229867.68,67.77000000000001,0.94,387
2020,329169.46,5549,1842416,319220.81,171480.37,2596,944724,166777.44,315.52,169.98,478.04,68.11,356.13,213.12,497.76,59.62,4014,13.65,3507,11.93,0.9,294,0.24,0.24,0.06,0.08,0.25,0.45,157689.09000000003,40.610000000000014,242999.125,63.864999999999995,0.87,294
2021,73071.18,125,811027,116734.47,23369.58,1,314368,45374.38,427.03,212.5,549.81,77.8,471.79,282.34,559.64,61.63,13037,32.51,13026,32.48,1.0,401,-0.06,0.54,0.02,0.02,0.04,0.03,49701.59999999999,44.76000000000005,81054.425,69.715,1.0,401
2022,208516.13,18,1824871,310817.38,69276.53,3,579363,100889.37,349.92,174.67,516.52,77.66,402.53,219.37,550.51,61.72,5161,22.64,4958,21.75,0.95,228,1.6,0.84,0.0,0.0,0.22,0.34,139239.6,52.60999999999996,205853.375,69.69,0.96,228
2023,474068.55,9639,1853011,463861.82,279461.37,1156,1651791,268996.89,290.22,153.59,501.86,69.87,322.61,181.97,509.19,59.4,6372,13.85,4947,10.75,0.85,460,0.14,0.33,0.01,0.02,0.36,0.62,194607.18,32.389999999999986,366429.355,64.635,0.78,460
2024,274566.56,4864,1846455,327121.01,119677.22,795,715337,116049.87,329.24,154.44,527.85,76.98,371.76,228.85,541.39,61.19,19383,27.19,17054,23.92,0.9,713,0.15,0.23,0.01,0.01,0.83,0.88,154889.34,42.51999999999998,221585.44,69.08500000000001,0.88,713
2025,272225.96,1399,1848143,321167.38,101946.8,133,867760,136002.55,340.56,161.17,516.55,83.95,392.34,235.62,527.71,65.63,14777,25.48,13826,23.84,0.95,580,0.27,0.53,0.0,0.0,0.21,0.29,170279.16000000003,51.77999999999997,228584.965,74.78999999999999,0.94,580
2026,324660.37,7583,1334720,253089.74,206929.01,5539,585608,131407.53,310.05,204.64,510.68,74.87,338.28,204.64,518.54,68.15,2414,22.99,2221,21.15,0.92,105,0.12,0.1,0.01,0.01,0.11,0.32,117731.35999999999,28.22999999999996,192248.635,71.51,0.92,105
2027,424578.1,10758,1855186,401346.3,224785.45,452,1134587,183838.22,290.43,145.53,477.14,66.83,329.48,199.74,490.74,56.88,16970,21.4,13188,16.63,0.85,793,0.18,0.15,0.01,0.03,0.79,1.11,199792.64999999997,39.05000000000001,292592.26,61.855000000000004,0.78,793
2029,266096.43,2182,1857902,300177.45,154180.56,1135,959707,153553.51,337.4,155.04,498.45,74.05,366.33,211.0,509.91,65.86,4515,16.07,4048,14.41,0.91,281,0.12,0.16,0.01,0.01,0.24,0.3,111915.87,28.930000000000007,226865.48,69.955,0.9,281
2030,352034.83,6684,1711587,332104.04,169517.55,713,975356,164395.37,305.2,154.06,477.56,67.76,349.16,212.05,492.45,59.41,9543,19.12,8344,16.72,0.9,499,0.13,0.26,0.01,0.02,0.14,0.25,182517.28000000003,43.960000000000036,248249.705,63.585,0.87,499
2031,221019.64,30,1298726,218405.96,110599.37,1,652629,104579.5,344.08,197.27,555.36,74.29,382.49,228.94,560.0,66.13,24087,28.92,23075,27.7,0.96,833,0.04,9.26,0.02,0.02,0.39,0.48,110420.27000000002,38.410000000000025,161492.72999999998,70.21000000000001,0.96,833
2032,307675.75,1558,1849615,371477.85,138681.83,111,1198283,167935.53,322.97,166.75,474.07,69.06,368.48,226.18,510.78,59.96,9096,19.77,8453,18.38,0.94,460,0.15,1.56,0.01,0.02,0.32,0.41,168993.92,45.50999999999999,269706.69,64.51,0.93,460
2033,207025.63,394,823283,227262.99,90030.8,131,480791,114530.22,337.92,221.85,483.05,71.42,383.33,255.99,504.99,59.37,1014,13.34,1014,13.34,1.0,76,,,,,,,116994.83,45.40999999999997,170896.60499999998,65.395,1.0,76
2034,334466.01,2406,1589221,290982.63,157568.5,113,732682,132493.11,314.18,192.41,463.95,65.79,357.88,239.88,513.74,58.85,7558,21.97,6976,20.28,0.94,344,0.41,0.76,0.02,0.02,0.2,0.26,176897.51,43.69999999999999,211737.87,62.32000000000001,0.92,344
2035,184583.48,1165,1446973,202967.24,69373.07,343,610223,82666.81,360.62,205.24,519.04,77.57,408.29,231.1,524.68,61.5,9085,21.73,8989,21.5,0.98,418,0.07,0.1,0.02,0.02,0.26,0.27,115210.41,47.670000000000016,142817.025,69.535,0.99,418
2037,289546.63,813,1764777,357667.69,103417.62,163,1271604,190663.39,343.36,183.41,512.36,84.43,400.57,208.18,534.63,65.63,5671,20.33,5234,18.76,0.94,279,0.14,0.34,0.01,0.03,0.38,0.31,186129.01,57.20999999999998,274165.54000000004,75.03,0.92,279
2038,432123.15,23805,1854174,379816.61,224226.91,13362,1209626,191649.53,284.12,163.36,476.57,65.11,330.23,218.29,481.23,55.68,4906,23.7,4402,21.27,0.92,207,0.09,0.08,0.02,0.02,0.28,0.42,207896.24000000002,46.110000000000014,285733.07,60.394999999999996,0.9,207
2039,47033.96,24,400179,78696.75,4396.14,3,59948,9803.92,450.9,268.51,555.42,75.21,506.29,385.26,559.04,41.13,7893,24.82,7895,24.83,1.0,318,0.1,0.5,0.01,0.01,0.11,0.11,42637.82,55.39000000000004,44250.335,58.17,1.0,318
2040,354933.21,3752,1819593,361470.16,194758.6,372,1481910,204411.5,304.15,155.94,531.16,72.03,349.34,201.71,535.5,69.1,7315,17.67,6415,15.5,0.9,414,0.08,0.47,0.03,0.03,0.11,0.63,160174.61000000002,45.19,282940.82999999996,70.565,0.88,414
2041,356235.54,3806,1845874,418095.91,210138.91,832,1684518,264215.85,319.93,148.17,517.71,82.44,352.68,191.05,523.21,71.97,7698,15.21,6574,12.99,0.89,506,0.12,0.28,0.0,0.0,0.35,0.3,146096.62999999998,32.75,341155.88,77.205,0.85,506
2045,332669.45,8820,1013669,244607.28,221942.18,6586,1013669,188427.22,294.75,193.82,514.59,60.33,326.3,206.71,515.88,59.04,6703,17.78,5763,15.29,0.93,377,0.0,0.04,0.09,0.08,0.24,0.7,110727.27000000002,31.55000000000001,216517.25,59.685,0.86,377
2046,350766.42,28214,1731312,292087.33,212333.82,21583,1271759,169477.14,303.94,186.83,482.08,62.83,336.82,218.23,484.22,56.56,3048,17.52,2763,15.88,0.92,174,0.11,0.12,0.01,0.01,0.17,0.19,138432.59999999998,32.879999999999995,230782.23500000002,59.695,0.91,174
2047,267816.59,4188,1543214,317738.38,150305.14,818,843819,156445.03,336.19,159.1,524.79,80.47,368.66,225.83,533.9,68.48,10341,18.53,8510,15.25,0.86,558,0.2,0.18,0.02,0.03,0.2,0.6,117511.45000000001,32.47000000000003,237091.70500000002,74.475,0.82,558
2048,159534.27,133,1175909,178143.98,61746.44,36,625949,100121.37,382.38,217.5,543.24,86.22,435.42,258.0,549.76,72.26,8166,23.07,8085,22.84,0.99,354,0.03,0.79,0.02,0.01,0.14,0.13,97787.82999999999,53.04000000000002,139132.675,79.24000000000001,0.99,354
2049,262394.82,19494,1144605,242184.77,138118.42,2306,874102,136588.05,329.27,192.22,456.55,63.2,370.78,217.0,489.3,56.41,4518,23.53,4186,21.8,0.92,192,-0.06,-0.03,0.04,0.03,0.14,0.38,124276.4,41.50999999999999,189386.40999999997,59.805,0.93,192
2050,408138.53,14238,1545105,391959.6,206925.78,11968,802310,173282.42,297.88,157.33,444.89,66.14,335.16,209.68,459.08,51.39,4838,22.09,4017,18.34,0.88,219,0.15,0.12,0.03,0.03,0.18,0.83,201212.75000000003,37.28000000000003,282621.01,58.765,0.83,219
2051,77789.81,256,591390,109203.36,8582.35,7,116964,20396.45,421.02,271.03,540.27,81.37,491.6,339.95,557.3,55.21,4721,82.82,4720,82.81,1.0,57,0.42,0.39,0.0,0.02,0.16,0.16,69207.45999999999,70.58000000000004,64799.905,68.29,1.0,57
2054,127377.9,363,1618109,202727.49,43749.5,21,510144,70905.29,402.16,196.4,548.23,88.51,445.41,252.24,550.12,70.2,6285,17.08,6272,17.04,1.0,368,0.04,0.66,0.02,0.02,0.07,0.06,83628.4,43.25,136816.38999999998,79.355,1.0,368
2055,342712.34,19601,1582250,302572.58,182524.76,1409,688526,124302.2,294.98,186.8,449.67,54.49,336.67,233.53,468.92,48.93,2236,15.86,1916,13.59,0.89,141,0.13,0.06,0.01,0.02,0.22,0.27,160187.58000000002,41.69,213437.39,51.71,0.86,141
2057,225174.94,2508,984848,224710.18,114646.4,1647,646529,126131.51,349.96,203.23,528.78,85.81,395.01,228.95,539.26,74.99,2953,19.82,2675,17.95,0.91,149,-0.02,0.08,0.04,0.03,0.2,0.49,110528.54000000001,45.05000000000001,175420.845,80.4,0.91,149
2058,343382.11,9095,1405077,378123.93,221597.83,6508,1210601,259620.71,321.14,199.36,511.86,77.92,346.42,222.54,514.85,67.76,2976,21.72,2697,19.69,0.94,137,0.08,0.06,0.02,0.01,0.16,0.49,121784.28,25.28000000000003,318872.32,72.84,0.91,137
2060,267212.52,2562,1314772,266513.46,145194.3,256,915548,179723.8,328.92,203.95,499.93,72.63,369.05,216.61,511.48,67.48,8153,17.42,7865,16.81,0.96,468,0.07,0.28,0.03,0.03,0.26,0.29,122018.22000000003,40.129999999999995,223118.63,70.055,0.96,468
2061,241258.65,416,1784610,290102.86,104462.8,63,889468,141060.46,350.13,173.79,537.64,87.5,398.77,219.64,549.1,74.85,18621,21.4,18081,20.78,0.96,870,0.07,0.62,0.02,0.01,0.11,0.11,136795.84999999998,48.639999999999986,215581.65999999997,81.175,0.97,870
2062,281501.89,9481,1510096,276093.74,160718.87,5724,765899,137240.11,322.67,169.42,502.63,73.43,352.9,222.66,513.25,62.62,6247,22.47,5385,19.37,0.88,278,0.08,0.06,0.02,0.02,0.1,0.63,120783.02000000002,30.22999999999996,206666.925,68.025,0.86,278
2064,243247.73,2974,988555,211435.11,115778.29,875,485363,88880.14,333.25,199.89,510.4,69.69,376.37,247.51,518.92,57.39,4992,23.55,4557,21.5,0.92,212,0.03,0.08,0.02,0.01,0.11,0.19,127469.44000000002,43.120000000000005,150157.625,63.54,0.91,212
2065,319855.32,10605,1507236,299953.72,150755.47,594,1217641,134339.35,316.92,171.51,508.83,76.58,360.43,222.04,518.23,64.14,12594,24.99,11224,22.27,0.92,504,0.1,0.19,0.02,0.02,0.23,0.52,169099.85,43.50999999999999,217146.53499999997,70.36,0.89,504
2067,186419.11,1214,1508544,205771.91,79021.37,875,630298,92018.28,348.43,204.04,509.45,71.22,395.29,238.85,519.63,59.96,6300,26.81,6001,25.54,0.96,235,0.05,0.13,0.02,0.03,0.21,0.21,107397.73999999999,46.860000000000014,148895.095,65.59,0.95,235
2069,362623.74,25734,1455302,310282.7,196241.56,1695,972671,214854.9,293.26,181.38,407.67,58.27,332.18,208.44,436.72,52.49,488,12.51,344,8.82,0.82,39,0.12,0.43,0.06,0.06,0.71,0.9,166382.18,38.920000000000016,262568.8,55.38,0.7,39
2072,153181.13,5638,1007246,165038.84,68421.95,473,420095,71981.1,366.08,169.0,515.67,73.43,409.37,241.58,529.15,56.17,4392,25.53,4166,24.22,0.96,172,0.05,0.13,0.02,0.02,0.2,0.16,84759.18000000001,43.29000000000002,118509.97,64.80000000000001,0.95,172
2075,541388.81,55331,1843321,457784.62,342692.56,2215,1339212,260795.9,275.41,169.64,424.5,55.46,304.22,208.56,461.9,47.57,3908,15.51,3242,12.87,0.86,252,0.17,0.31,0.0,0.01,0.14,0.95,198696.25000000006,28.810000000000002,359290.26,51.515,0.83,252
2076,209830.68,6020,1842933,260862.85,104493.93,93,511132,90593.24,352.6,169.78,514.59,79.88,389.37,254.17,525.6,63.74,8659,26.08,8193,24.68,0.95,332,0.11,2.6,0.01,0.01,0.12,0.16,105336.75,36.76999999999998,175728.045,71.81,0.95,332
2077,263749.84,13597,851241,216215.04,179410.05,3186,597357,154006.98,331.39,218.92,496.78,89.72,363.52,242.96,526.51,87.06,1480,20.27,1433,19.63,0.97,73,0.1,0.15,0.0,0.01,0.19,0.4,84339.79000000004,32.129999999999995,185111.01,88.39,0.97,73
2079,280073.44,10242,1425990,298822.32,193125.53,8794,1294870,199282.93,342.84,201.71,509.57,93.04,366.25,216.59,512.73,84.91,1734,18.25,1610,16.95,0.96,95,0.04,0.09,0.01,0.0,0.21,0.23,86947.91,23.410000000000025,249052.625,88.975,0.93,95
2081,503439.62,33484,1849284,430132.82,303568.81,11330,1135296,243778.34,279.01,166.57,427.56,59.56,310.71,214.13,437.91,51.36,2614,17.78,2160,14.69,0.87,147,0.2,0.2,-0.01,-0.0,0.58,0.68,199870.81,31.69999999999999,336955.58,55.46,0.83,147
2083,405698.13,32301,1859071,408216.11,177335.46,220,1520614,231878.64,300.97,152.92,446.95,70.12,367.14,203.6,543.12,71.25,1751,20.85,1664,19.81,0.93,84,0.29,4.94,0.01,0.02,0.82,0.79,228362.67,66.16999999999996,320047.375,70.685,0.95,84
2084,263786.63,2416,1670657,291422.66,127852.88,319,804928,128501.12,336.06,178.29,527.01,82.54,376.88,228.85,545.08,66.78,11100,22.7,9978,20.4,0.91,489,0.1,0.17,0.03,0.03,0.16,0.47,135933.75,40.81999999999999,209961.88999999998,74.66,0.9,489
2085,482078.02,41596,1747644,369138.81,281934.67,18770,830402,219083.5,273.69,176.66,404.08,55.56,307.78,223.71,436.19,50.99,955,15.92,708,11.8,0.83,60,0.15,-0.0,0.05,0.07,0.12,1.24,200143.35000000003,34.089999999999975,294111.155,53.275000000000006,0.74,60
2086,37816.26,856,138870,36126.75,9454.22,20,97265,15915.8,401.64,309.21,477.45,37.99,452.59,348.01,533.01,43.4,852,12.53,820,12.06,0.98,68,0.16,1.05,0.01,0.01,-0.0,0.02,28362.04,50.94999999999999,26021.275,40.695,0.96,68
2087,449533.84,13016,1594580,374354.23,297903.3,5695,1538999,284535.94,295.81,185.89,480.92,70.64,323.1,190.44,487.58,65.44,4760,18.59,4261,16.64,0.92,256,0.17,0.16,0.0,0.01,0.33,0.59,151630.54000000004,27.29000000000002,329445.08499999996,68.03999999999999,0.9,256
2088,176479.14,9287,969657,183402.6,120385.51,500,946430,130633.76,371.33,207.93,514.6,87.86,396.95,212.91,540.82,78.12,3269,21.65,3127,20.71,0.96,151,0.05,0.13,0.01,0.01,0.29,0.35,56093.63000000002,25.620000000000005,157018.18,82.99000000000001,0.96,151
2090,343414.48,13816,1204422,285409.55,182685.5,1844,669241,144933.62,305.29,191.44,457.87,65.61,344.19,228.36,468.08,56.19,4240,20.68,3704,18.07,0.91,205,0.11,0.39,0.02,0.02,0.12,0.39,160728.97999999998,38.89999999999998,215171.585,60.9,0.87,205
2091,276815.08,24737,1776371,319718.53,144956.9,7033,1345459,168421.02,342.07,163.54,490.67,76.37,382.29,212.95,522.13,66.61,3675,21.88,3249,19.34,0.91,168,-0.01,0.02,0.04,0.03,0.12,0.67,131858.18000000002,40.22000000000003,244069.77500000002,71.49000000000001,0.88,168
2092,157024.64,5684,1313387,183681.84,80359.31,667,372013,72995.41,376.4,189.28,520.07,77.58,406.13,259.46,545.18,63.36,7327,26.64,7169,26.07,0.98,275,-0.03,0.18,0.03,0.02,0.09,0.12,76665.33000000002,29.730000000000018,128338.625,70.47,0.98,275
2093,259471.03,14811,1147572,250132.41,151579.99,7861,647944,129085.68,332.26,193.95,500.59,81.9,367.14,230.97,514.6,69.89,4865,24.2,4181,20.8,0.89,201,0.09,0.1,0.02,0.02,0.07,0.51,107891.04000000001,34.879999999999995,189609.04499999998,75.89500000000001,0.86,201
2094,188878.08,16870,1842761,228251.94,111267.37,1413,455565,92565.17,358.16,169.85,498.19,79.33,390.01,219.94,511.76,68.37,4630,26.76,4207,24.32,0.91,173,0.09,1.6,0.02,0.02,0.43,0.87,77610.70999999999,31.849999999999966,160408.555,73.85,0.91,173
2095,315415.9,11900,1532228,330022.8,166739.94,739,897849,168189.65,324.16,169.46,478.97,71.6,360.86,222.21,493.69,61.14,2957,16.9,2579,14.74,0.9,175,0.14,0.51,0.01,0.01,0.26,0.46,148675.96000000002,36.69999999999999,249106.22499999998,66.37,0.87,175
2096,230417.85,14791,767914,169622.0,142697.95,4877,374180,98272.01,342.02,220.46,501.49,84.1,376.64,230.51,511.04,73.2,2090,26.12,2016,25.2,0.96,80,0.03,0.09,0.01,0.0,0.15,0.55,87719.9,34.620000000000005,133947.005,78.65,0.96,80
2097,195151.77,31094,912291,207883.1,103107.85,25680,318207,78121.65,367.23,217.08,478.33,77.49,398.71,244.35,482.24,62.41,1381,21.25,1179,18.14,0.88,65,0.07,0.01,0.01,0.03,0.12,0.47,92043.91999999998,31.47999999999996,143002.375,69.94999999999999,0.85,65
2098,477362.81,28185,1682544,422475.94,274643.68,6862,1193051,239627.82,297.49,177.24,476.36,74.89,326.65,215.89,483.59,63.12,2572,18.91,2074,15.25,0.88,136,0.16,0.14,0.01,0.02,0.3,0.54,202719.13,29.159999999999968,331051.88,69.005,0.81,136
2100,320897.63,23213,992144,236431.93,184351.29,1449,928487,166436.82,319.47,241.45,420.14,46.33,360.07,246.5,479.21,51.76,825,16.84,770,15.71,0.93,49,0.06,1.24,-0.02,-0.04,0.1,0.04,136546.34,40.599999999999966,201434.375,49.045,0.93,49
2101,461167.15,26946,1618422,478133.31,215800.54,2128,1206391,258451.27,308.55,180.08,431.78,69.26,348.95,214.62,459.61,57.29,258,9.92,236,9.08,0.9,26,-0.08,-0.49,0.03,0.11,-0.12,-0.1,245366.61000000002,40.39999999999998,368292.29,63.275000000000006,0.91,26
2102,576506.54,58690,1392212,410801.96,320130.87,13700,1098542,263924.68,290.54,198.5,423.48,56.69,325.82,230.41,430.08,49.8,492,12.62,485,12.44,0.97,39,0.02,-0.12,-0.02,0.03,0.4,0.38,256375.67000000004,35.27999999999997,337363.32,53.245,0.99,39
2103,472959.0,14688,1854145,544444.15,205957.92,3438,1119044,196708.89,316.91,154.25,500.89,82.84,356.77,231.89,510.7,58.26,4843,24.09,4248,21.13,0.85,201,0.02,0.15,-0.02,-0.03,-0.04,-0.02,267001.07999999996,39.85999999999996,370576.52,70.55,0.88,201
2104,341794.88,6811,1496813,272549.31,248057.96,1231,1496813,226365.12,321.0,205.29,522.62,62.32,345.48,205.29,527.86,63.01,3381,18.58,3287,18.06,0.96,182,0.13,0.08,-0.05,-0.04,0.02,0.04,93736.92000000001,24.480000000000018,249457.215,62.665,0.97,182
3001,434239.52,14502,1817859,365317.66,260000.13,1045,1708136,240734.46,290.48,164.7,499.19,66.31,327.96,183.95,515.06,64.62,9224,12.01,8280,10.78,0.89,768,0.12,0.48,0.03,0.03,0.22,0.46,174239.39,37.47999999999996,303026.06,65.465,0.9,768
3002,623314.49,8578,1856983,546372.64,421485.37,7670,1847437,429969.73,263.17,155.07,518.54,67.03,298.5,167.91,520.66,65.88,5444,12.02,4098,9.05,0.75,453,0.13,0.07,0.02,0.03,0.21,0.7,201829.12,35.329999999999984,488171.185,66.455,0.75,453
3003,463913.63,13536,1824461,415243.28,286230.97,317,1590491,262498.9,285.6,165.12,472.14,63.81,316.85,198.5,477.42,57.68,7706,19.31,7021,17.6,0.88,399,0.06,0.21,0.02,0.02,0.2,0.44,177682.66000000003,31.25,338871.09,60.745000000000005,0.91,399
3004,431592.6,15943,1471825,348232.39,266442.15,478,1356777,218731.72,286.1,159.84,455.13,61.16,318.32,199.09,483.64,56.38,4358,14.38,3749,12.37,0.87,303,0.06,3.08,0.03,0.03,0.11,0.38,165150.44999999995,32.21999999999997,283482.055,58.769999999999996,0.86,303
3005,475610.53,14938,1820318,456502.81,285902.28,3937,1464076,290372.1,288.91,148.63,491.31,76.8,324.53,167.44,494.05,68.41,10370,21.16,8363,17.07,0.82,490,0.12,0.12,0.02,0.02,0.24,0.49,189708.25,35.61999999999995,373437.45499999996,72.60499999999999,0.81,490
3006,1314870.54,708975,1647963,269383.46,1127371.08,620344,1586364,352336.98,214.99,194.07,260.12,17.67,229.21,198.81,269.38,26.35,78,6.0,48,3.69,0.64,13,0.01,-0.03,0.01,0.03,0.46,1.02,187499.45999999996,14.219999999999999,310860.22,22.01,0.62,13
3007,413905.81,7746,1802036,445849.44,276881.75,7221,1441865,298533.54,305.75,155.55,520.48,82.73,333.36,186.0,521.69,75.17,3046,14.37,2264,10.68,0.84,212,0.09,0.07,0.03,0.03,0.19,0.54,137024.06,27.610000000000014,372191.49,78.95,0.74,212
3008,409700.76,47338,1545015,335911.35,253527.02,38992,774052,161029.12,285.01,157.59,392.19,51.77,310.52,233.92,397.97,42.67,1388,16.72,1036,12.48,0.84,83,0.12,0.1,0.01,0.02,0.15,0.31,156173.74000000002,25.50999999999999,248470.235,47.22,0.75,83
3009,1328878.45,390182,1842524,464677.12,928035.0,252707,1801409,492503.77,206.15,167.08,296.22,32.2,243.47,167.08,327.28,41.51,398,9.48,231,5.5,0.57,42,0.28,0.1,0.01,0.04,0.31,1.64,400843.44999999995,37.31999999999999,478590.445,36.855000000000004,0.58,42
3010,270650.21,33895,783528,271375.11,138753.64,22478,334478,106523.63,301.5,222.91,377.0,52.11,331.41,281.2,389.69,35.57,256,18.29,256,18.29,1.0,14,,,,,,,131896.57,29.910000000000025,188949.37,43.84,1.0,14
3012,516695.91,30551,1683219,410323.43,328328.69,29732,870140,216124.81,285.72,187.31,473.7,84.1,311.65,220.34,479.91,76.8,840,15.56,709,13.13,0.85,54,0.01,0.02,0.02,0.01,0.13,0.16,188367.21999999997,25.92999999999995,313224.12,80.44999999999999,0.84,54
3013,459596.15,15413,1761423,450167.6,297698.07,3985,1540937,321321.99,286.01,153.88,438.83,64.08,316.4,198.75,439.09,58.26,2276,12.51,1778,9.77,0.83,182,0.11,0.12,0.02,0.02,0.1,0.42,161898.08000000002,30.389999999999986,385744.795,61.17,0.78,182
3014,175689.46,29529,1774912,312799.73,118465.02,25677,772538,154546.45,355.78,165.21,473.34,74.03,376.81,259.87,473.92,60.2,625,15.24,442,10.78,0.87,41,0.09,0.12,0.03,-0.0,0.32,0.51,57224.43999999999,21.03000000000003,233673.09,67.11500000000001,0.71,41
3015,831834.17,232105,1797452,535923.16,646731.87,136070,1797452,495746.45,252.47,179.33,330.76,48.44,274.81,179.33,346.35,47.53,237,10.3,140,6.09,0.71,23,0.03,0.05,0.03,0.04,0.17,0.63,185102.30000000005,22.340000000000003,515834.80500000005,47.985,0.59,23
3016,977038.14,227498,1858248,422551.71,547622.21,88998,1858248,396097.1,219.22,156.74,286.01,30.18,270.56,156.74,358.01,43.55,689,12.09,521,9.14,0.73,57,0.29,0.34,-0.0,0.02,0.35,0.78,429415.93000000005,51.34,409324.405,36.864999999999995,0.76,57
3017,775539.86,136121,1791523,557729.95,413629.54,70138,1319971,329953.81,261.58,159.28,381.01,63.94,310.31,203.14,434.98,60.34,412,14.71,286,10.21,0.71,28,0.18,0.62,0.02,0.02,0.13,1.24,361910.32,48.73000000000002,443841.88,62.14,0.69,28
3018,1398851.89,297731,1848443,539808.36,1101251.89,203912,1848443,544513.46,206.49,167.38,308.17,41.42,233.76,167.38,342.73,47.21,94,5.22,66,3.67,0.64,18,0.01,0.07,0.03,0.05,0.52,0.99,297600.0,27.269999999999982,542160.9099999999,44.315,0.7,18
4011,182726.0,182726,182726,,182726.0,182726,182726,,290.19,290.19,290.19,,290.19,290.19,290.19,,5,5.0,1,1.0,0.2,1,,,,,,,0.0,0.0,,,0.2,1
4013,507353.33,50851,1854278,748250.89,441729.17,20389,1502456,630639.79,256.83,163.36,317.98,58.95,282.06,204.89,410.05,73.56,18,3.0,11,1.83,0.61,6,0.23,0.48,0.01,0.07,0.0,0.71,65624.16000000003,25.230000000000018,689445.3400000001,66.255,0.61,6
4017,37317.4,27761,49782,10037.71,25665.8,21427,31758,5002.19,453.63,414.79,482.69,24.85,469.55,428.32,491.12,24.84,200,40.0,150,30.0,0.75,5,0.15,0.1,0.01,0.01,0.0,-0.05,11651.600000000002,15.920000000000016,7519.949999999999,24.845,0.75,5
4020,1119411.71,237294,1724269,496888.91,554281.14,237294,930601,246524.75,218.75,181.39,276.18,29.64,269.97,225.11,303.76,27.88,75,10.71,56,8.0,0.74,7,1.02,0.0,0.03,0.07,0.0,3.41,565130.57,51.22000000000003,371706.82999999996,28.759999999999998,0.75,7
4039,542232.33,38640,1555082,432639.8,207834.8,16792,944475,211293.18,263.03,170.78,464.73,67.31,335.81,234.74,473.06,60.04,1540,24.06,1229,19.2,0.88,64,0.2,0.58,0.01,0.01,0.0,0.05,334397.52999999997,72.78000000000003,321966.49,63.675,0.8,64
4052,571768.8,43671,1744096,450301.94,287984.54,2104,1204732,280906.47,250.19,177.52,334.32,37.43,308.81,221.19,459.89,51.11,666,6.4,629,6.05,0.94,104,0.13,0.36,0.02,0.03,0.12,0.23,283784.26000000007,58.620000000000005,365604.20499999996,44.269999999999996,0.94,104
4054,79715.0,54440,117345,33222.65,79715.0,54440,117345,33222.65,248.91,183.73,288.98,56.94,248.91,183.73,288.98,56.94,30,10.0,3,1.0,0.1,3,1.16,1.16,-0.33,-0.33,0.0,0.0,0.0,0.0,33222.65,56.94,0.1,3
4088,505656.69,6052,1832201,505303.3,355433.66,6052,1718664,387302.7,282.78,173.02,473.5,68.39,309.55,184.3,473.5,59.62,363,3.27,324,2.92,0.94,111,-0.01,-0.0,0.08,0.08,-0.02,0.1,150223.03000000003,26.77000000000004,446303.0,64.005,0.89,111
4096,839494.18,46197,1822965,508032.98,607021.88,30126,1822965,461186.05,238.74,163.04,410.86,43.69,273.37,175.07,421.99,52.99,262,3.64,217,3.01,0.85,72,0.16,0.87,0.01,0.04,0.3,0.42,232472.30000000005,34.629999999999995,484609.515,48.34,0.83,72
